{ "account": { "displayName": "Markus Kristen", "name": { "familyName": "Kristen", "givenName": "Markus" }, "emails": [ { "value": "Markus.Kristen@Parker.com" } ], "_json": { "dn": "CN=Markus Kristen,OU=QCD480IT,OU=QCD480Users,OU=QCD480,OU=QCD,OU=FCG,DC=uk,DC=parker,DC=corp", "displayName": "Markus Kristen", "givenName": "Markus", "sn": "Kristen", "title": "Administrator", "userPrincipalName": "markus.kristen@parker.com", "sAMAccountName": "MK024480", "mail": "Markus.Kristen@Parker.com", "description": "IT - Markus Kristen", "memberOfGroups": [ "QCD480DLCTXScala", "QCD480DLCTXWordViewer", "QCD480DLVault_DIVADMIN", "QCD480GGArsAccessControl", "QCD480GGB2", "QCD480GGD3_Admins", "QCD480GGEnoviaDocSearch", "QCD480GGIt", "QCD480GGJDEInstall", "QCD480GGOUAdministrators", "QCD480GGOlapAbsatz", "QCD480GGPFEPPRODM", "QCD480GGQSYS", "QCD480GGSMSAdministrators", "QCD480GGSSRSCCH", "QCD480GGScala", "QCD480GGWarehouse", "QCD480GG_VAULT_DIVADMIN" ] }, "memberOfGroups": [ "QCD480DLCTXScala", "QCD480DLCTXWordViewer", "QCD480DLVault_DIVADMIN", "QCD480GGArsAccessControl", "QCD480GGB2", "QCD480GGD3_Admins", "QCD480GGEnoviaDocSearch", "QCD480GGIt", "QCD480GGJDEInstall", "QCD480GGOUAdministrators", "QCD480GGOlapAbsatz", "QCD480GGPFEPPRODM", "QCD480GGQSYS", "QCD480GGSMSAdministrators", "QCD480GGSSRSCCH", "QCD480GGScala", "QCD480GGWarehouse", "QCD480GG_VAULT_DIVADMIN" ] }, "session": { "cookie": { "originalMaxAge": null, "expires": null, "httpOnly": true, "path": "/" }, "__lastAccess": 1540283319109, "authenticatedPrincipal": "MK024480@UK.PARKER.CORP" } }